PassengerId,Pclass,Age,SibSp,Parch,Fare,Family_size,Sex_male,Embarked_Q,Embarked_S
1,3,22.0,1,0,7.25,1,True,False,True
2,1,38.0,1,0,71.2833,1,False,False,False
3,3,26.0,0,0,7.925,0,False,False,True
4,1,35.0,1,0,53.1,1,False,False,True
5,3,35.0,0,0,8.05,0,True,False,True
6,3,28.0,0,0,8.4583,0,True,True,False
7,1,54.0,0,0,51.8625,0,True,False,True
8,3,2.0,3,1,21.075,4,True,False,True
9,3,27.0,0,2,11.1333,2,False,False,True
10,2,14.0,1,0,30.0708,1,False,False,False
11,3,4.0,1,1,16.7,2,False,False,True
12,1,58.0,0,0,26.55,0,False,False,True
13,3,20.0,0,0,8.05,0,True,False,True
14,3,39.0,1,5,31.275,6,True,False,True
15,3,14.0,0,0,7.8542,0,False,False,True
16,2,55.0,0,0,16.0,0,False,False,True
17,3,2.0,4,1,29.125,5,True,True,False
18,2,28.0,0,0,13.0,0,True,False,True
19,3,31.0,1,0,18.0,1,False,False,True
20,3,28.0,0,0,7.225,0,False,False,False
21,2,35.0,0,0,26.0,0,True,False,True
22,2,34.0,0,0,13.0,0,True,False,True
23,3,15.0,0,0,8.0292,0,False,True,False
24,1,28.0,0,0,35.5,0,True,False,True
25,3,8.0,3,1,21.075,4,False,False,True
26,3,38.0,1,5,31.3875,6,False,False,True
27,3,28.0,0,0,7.225,0,True,False,False
28,1,19.0,3,2,263.0,5,True,False,True
29,3,28.0,0,0,7.8792,0,False,True,False
30,3,28.0,0,0,7.8958,0,True,False,True
31,1,40.0,0,0,27.7208,0,True,False,False
32,1,28.0,1,0,146.5208,1,False,False,False
33,3,28.0,0,0,7.75,0,False,True,False
34,2,66.0,0,0,10.5,0,True,False,True
35,1,28.0,1,0,82.1708,1,True,False,False
36,1,42.0,1,0,52.0,1,True,False,True
37,3,28.0,0,0,7.2292,0,True,False,False
38,3,21.0,0,0,8.05,0,True,False,True
39,3,18.0,2,0,18.0,2,False,False,True
40,3,14.0,1,0,11.2417,1,False,False,False
41,3,40.0,1,0,9.475,1,False,False,True
42,2,27.0,1,0,21.0,1,False,False,True
43,3,28.0,0,0,7.8958,0,True,False,False
44,2,3.0,1,2,41.5792,3,False,False,False
45,3,19.0,0,0,7.8792,0,False,True,False
46,3,28.0,0,0,8.05,0,True,False,True
47,3,28.0,1,0,15.5,1,True,True,False
48,3,28.0,0,0,7.75,0,False,True,False
49,3,28.0,2,0,21.6792,2,True,False,False
50,3,18.0,1,0,17.8,1,False,False,True
51,3,7.0,4,1,39.6875,5,True,False,True
52,3,21.0,0,0,7.8,0,True,False,True
53,1,49.0,1,0,76.7292,1,False,False,False
54,2,29.0,1,0,26.0,1,False,False,True
55,1,65.0,0,1,61.9792,1,True,False,False
56,1,28.0,0,0,35.5,0,True,False,True
57,2,21.0,0,0,10.5,0,False,False,True
58,3,28.5,0,0,7.2292,0,True,False,False
59,2,5.0,1,2,27.75,3,False,False,True
60,3,11.0,5,2,46.9,7,True,False,True
61,3,22.0,0,0,7.2292,0,True,False,False
62,1,38.0,0,0,80.0,0,False,False,True
63,1,45.0,1,0,83.475,1,True,False,True
64,3,4.0,3,2,27.9,5,True,False,True
65,1,28.0,0,0,27.7208,0,True,False,False
66,3,28.0,1,1,15.2458,2,True,False,False
67,2,29.0,0,0,10.5,0,False,False,True
68,3,19.0,0,0,8.1583,0,True,False,True
69,3,17.0,4,2,7.925,6,False,False,True
70,3,26.0,2,0,8.6625,2,True,False,True
71,2,32.0,0,0,10.5,0,True,False,True
72,3,16.0,5,2,46.9,7,False,False,True
73,2,21.0,0,0,73.5,0,True,False,True
74,3,26.0,1,0,14.4542,1,True,False,False
75,3,32.0,0,0,56.4958,0,True,False,True
76,3,25.0,0,0,7.65,0,True,False,True
77,3,28.0,0,0,7.8958,0,True,False,True
78,3,28.0,0,0,8.05,0,True,False,True
79,2,0.83,0,2,29.0,2,True,False,True
80,3,30.0,0,0,12.475,0,False,False,True
81,3,22.0,0,0,9.0,0,True,False,True
82,3,29.0,0,0,9.5,0,True,False,True
83,3,28.0,0,0,7.7875,0,False,True,False
84,1,28.0,0,0,47.1,0,True,False,True
85,2,17.0,0,0,10.5,0,False,False,True
86,3,33.0,3,0,15.85,3,False,False,True
87,3,16.0,1,3,34.375,4,True,False,True
88,3,28.0,0,0,8.05,0,True,False,True
89,1,23.0,3,2,263.0,5,False,False,True
90,3,24.0,0,0,8.05,0,True,False,True
91,3,29.0,0,0,8.05,0,True,False,True
92,3,20.0,0,0,7.8542,0,True,False,True
93,1,46.0,1,0,61.175,1,True,False,True
94,3,26.0,1,2,20.575,3,True,False,True
95,3,59.0,0,0,7.25,0,True,False,True
96,3,28.0,0,0,8.05,0,True,False,True
97,1,71.0,0,0,34.6542,0,True,False,False
98,1,23.0,0,1,63.3583,1,True,False,False
99,2,34.0,0,1,23.0,1,False,False,True
100,2,34.0,1,0,26.0,1,True,False,True
101,3,28.0,0,0,7.8958,0,False,False,True
102,3,28.0,0,0,7.8958,0,True,False,True
103,1,21.0,0,1,77.2875,1,True,False,True
104,3,33.0,0,0,8.6542,0,True,False,True
105,3,37.0,2,0,7.925,2,True,False,True
106,3,28.0,0,0,7.8958,0,True,False,True
107,3,21.0,0,0,7.65,0,False,False,True
108,3,28.0,0,0,7.775,0,True,False,True
109,3,38.0,0,0,7.8958,0,True,False,True
110,3,28.0,1,0,24.15,1,False,True,False
111,1,47.0,0,0,52.0,0,True,False,True
112,3,14.5,1,0,14.4542,1,False,False,False
113,3,22.0,0,0,8.05,0,True,False,True
114,3,20.0,1,0,9.825,1,False,False,True
115,3,17.0,0,0,14.4583,0,False,False,False
116,3,21.0,0,0,7.925,0,True,False,True
117,3,70.5,0,0,7.75,0,True,True,False
118,2,29.0,1,0,21.0,1,True,False,True
119,1,24.0,0,1,247.5208,1,True,False,False
120,3,2.0,4,2,31.275,6,False,False,True
121,2,21.0,2,0,73.5,2,True,False,True
122,3,28.0,0,0,8.05,0,True,False,True
123,2,32.5,1,0,30.0708,1,True,False,False
124,2,32.5,0,0,13.0,0,False,False,True
125,1,54.0,0,1,77.2875,1,True,False,True
126,3,12.0,1,0,11.2417,1,True,False,False
127,3,28.0,0,0,7.75,0,True,True,False
128,3,24.0,0,0,7.1417,0,True,False,True
129,3,28.0,1,1,22.3583,2,False,False,False
130,3,45.0,0,0,6.975,0,True,False,True
131,3,33.0,0,0,7.8958,0,True,False,False
132,3,20.0,0,0,7.05,0,True,False,True
133,3,47.0,1,0,14.5,1,False,False,True
134,2,29.0,1,0,26.0,1,False,False,True
135,2,25.0,0,0,13.0,0,True,False,True
136,2,23.0,0,0,15.0458,0,True,False,False
137,1,19.0,0,2,26.2833,2,False,False,True
138,1,37.0,1,0,53.1,1,True,False,True
139,3,16.0,0,0,9.2167,0,True,False,True
140,1,24.0,0,0,79.2,0,True,False,False
141,3,28.0,0,2,15.2458,2,False,False,False
142,3,22.0,0,0,7.75,0,False,False,True
143,3,24.0,1,0,15.85,1,False,False,True
144,3,19.0,0,0,6.75,0,True,True,False
145,2,18.0,0,0,11.5,0,True,False,True
146,2,19.0,1,1,36.75,2,True,False,True
147,3,27.0,0,0,7.7958,0,True,False,True
148,3,9.0,2,2,34.375,4,False,False,True
149,2,36.5,0,2,26.0,2,True,False,True
150,2,42.0,0,0,13.0,0,True,False,True
151,2,51.0,0,0,12.525,0,True,False,True
152,1,22.0,1,0,66.6,1,False,False,True
153,3,55.5,0,0,8.05,0,True,False,True
154,3,40.5,0,2,14.5,2,True,False,True
155,3,28.0,0,0,7.3125,0,True,False,True
156,1,51.0,0,1,61.3792,1,True,False,False
157,3,16.0,0,0,7.7333,0,False,True,False
158,3,30.0,0,0,8.05,0,True,False,True
159,3,28.0,0,0,8.6625,0,True,False,True
160,3,28.0,8,2,69.55,10,True,False,True
161,3,44.0,0,1,16.1,1,True,False,True
162,2,40.0,0,0,15.75,0,False,False,True
163,3,26.0,0,0,7.775,0,True,False,True
164,3,17.0,0,0,8.6625,0,True,False,True
165,3,1.0,4,1,39.6875,5,True,False,True
166,3,9.0,0,2,20.525,2,True,False,True
167,1,28.0,0,1,55.0,1,False,False,True
168,3,45.0,1,4,27.9,5,False,False,True
169,1,28.0,0,0,25.925,0,True,False,True
170,3,28.0,0,0,56.4958,0,True,False,True
171,1,61.0,0,0,33.5,0,True,False,True
172,3,4.0,4,1,29.125,5,True,True,False
173,3,1.0,1,1,11.1333,2,False,False,True
174,3,21.0,0,0,7.925,0,True,False,True
175,1,56.0,0,0,30.6958,0,True,False,False
176,3,18.0,1,1,7.8542,2,True,False,True
177,3,28.0,3,1,25.4667,4,True,False,True
178,1,50.0,0,0,28.7125,0,False,False,False
179,2,30.0,0,0,13.0,0,True,False,True
180,3,36.0,0,0,0.0,0,True,False,True
181,3,28.0,8,2,69.55,10,False,False,True
182,2,28.0,0,0,15.05,0,True,False,False
183,3,9.0,4,2,31.3875,6,True,False,True
184,2,1.0,2,1,39.0,3,True,False,True
185,3,4.0,0,2,22.025,2,False,False,True
186,1,28.0,0,0,50.0,0,True,False,True
187,3,28.0,1,0,15.5,1,False,True,False
188,1,45.0,0,0,26.55,0,True,False,True
189,3,40.0,1,1,15.5,2,True,True,False
190,3,36.0,0,0,7.8958,0,True,False,True
191,2,32.0,0,0,13.0,0,False,False,True
192,2,19.0,0,0,13.0,0,True,False,True
193,3,19.0,1,0,7.8542,1,False,False,True
194,2,3.0,1,1,26.0,2,True,False,True
195,1,44.0,0,0,27.7208,0,False,False,False
196,1,58.0,0,0,146.5208,0,False,False,False
197,3,28.0,0,0,7.75,0,True,True,False
198,3,42.0,0,1,8.4042,1,True,False,True
199,3,28.0,0,0,7.75,0,False,True,False
200,2,24.0,0,0,13.0,0,False,False,True
201,3,28.0,0,0,9.5,0,True,False,True
202,3,28.0,8,2,69.55,10,True,False,True
203,3,34.0,0,0,6.4958,0,True,False,True
204,3,45.5,0,0,7.225,0,True,False,False
205,3,18.0,0,0,8.05,0,True,False,True
206,3,2.0,0,1,10.4625,1,False,False,True
207,3,32.0,1,0,15.85,1,True,False,True
208,3,26.0,0,0,18.7875,0,True,False,False
209,3,16.0,0,0,7.75,0,False,True,False
210,1,40.0,0,0,31.0,0,True,False,False
211,3,24.0,0,0,7.05,0,True,False,True
212,2,35.0,0,0,21.0,0,False,False,True
213,3,22.0,0,0,7.25,0,True,False,True
214,2,30.0,0,0,13.0,0,True,False,True
215,3,28.0,1,0,7.75,1,True,True,False
216,1,31.0,1,0,113.275,1,False,False,False
217,3,27.0,0,0,7.925,0,False,False,True
218,2,42.0,1,0,27.0,1,True,False,True
219,1,32.0,0,0,76.2917,0,False,False,False
220,2,30.0,0,0,10.5,0,True,False,True
221,3,16.0,0,0,8.05,0,True,False,True
222,2,27.0,0,0,13.0,0,True,False,True
223,3,51.0,0,0,8.05,0,True,False,True
224,3,28.0,0,0,7.8958,0,True,False,True
225,1,38.0,1,0,90.0,1,True,False,True
226,3,22.0,0,0,9.35,0,True,False,True
227,2,19.0,0,0,10.5,0,True,False,True
228,3,20.5,0,0,7.25,0,True,False,True
229,2,18.0,0,0,13.0,0,True,False,True
230,3,28.0,3,1,25.4667,4,False,False,True
231,1,35.0,1,0,83.475,1,False,False,True
232,3,29.0,0,0,7.775,0,True,False,True
233,2,59.0,0,0,13.5,0,True,False,True
234,3,5.0,4,2,31.3875,6,False,False,True
235,2,24.0,0,0,10.5,0,True,False,True
236,3,28.0,0,0,7.55,0,False,False,True
237,2,44.0,1,0,26.0,1,True,False,True
238,2,8.0,0,2,26.25,2,False,False,True
239,2,19.0,0,0,10.5,0,True,False,True
240,2,33.0,0,0,12.275,0,True,False,True
241,3,28.0,1,0,14.4542,1,False,False,False
242,3,28.0,1,0,15.5,1,False,True,False
243,2,29.0,0,0,10.5,0,True,False,True
244,3,22.0,0,0,7.125,0,True,False,True
245,3,30.0,0,0,7.225,0,True,False,False
246,1,44.0,2,0,90.0,2,True,True,False
247,3,25.0,0,0,7.775,0,False,False,True
248,2,24.0,0,2,14.5,2,False,False,True
249,1,37.0,1,1,52.5542,2,True,False,True
250,2,54.0,1,0,26.0,1,True,False,True
251,3,28.0,0,0,7.25,0,True,False,True
252,3,29.0,1,1,10.4625,2,False,False,True
253,1,62.0,0,0,26.55,0,True,False,True
254,3,30.0,1,0,16.1,1,True,False,True
255,3,41.0,0,2,20.2125,2,False,False,True
256,3,29.0,0,2,15.2458,2,False,False,False
257,1,28.0,0,0,79.2,0,False,False,False
258,1,30.0,0,0,86.5,0,False,False,True
259,1,35.0,0,0,512.3292,0,False,False,False
260,2,50.0,0,1,26.0,1,False,False,True
261,3,28.0,0,0,7.75,0,True,True,False
262,3,3.0,4,2,31.3875,6,True,False,True
263,1,52.0,1,1,79.65,2,True,False,True
264,1,40.0,0,0,0.0,0,True,False,True
265,3,28.0,0,0,7.75,0,False,True,False
266,2,36.0,0,0,10.5,0,True,False,True
267,3,16.0,4,1,39.6875,5,True,False,True
268,3,25.0,1,0,7.775,1,True,False,True
269,1,58.0,0,1,153.4625,1,False,False,True
270,1,35.0,0,0,135.6333,0,False,False,True
271,1,28.0,0,0,31.0,0,True,False,True
272,3,25.0,0,0,0.0,0,True,False,True
273,2,41.0,0,1,19.5,1,False,False,True
274,1,37.0,0,1,29.7,1,True,False,False
275,3,28.0,0,0,7.75,0,False,True,False
276,1,63.0,1,0,77.9583,1,False,False,True
277,3,45.0,0,0,7.75,0,False,False,True
278,2,28.0,0,0,0.0,0,True,False,True
279,3,7.0,4,1,29.125,5,True,True,False
280,3,35.0,1,1,20.25,2,False,False,True
281,3,65.0,0,0,7.75,0,True,True,False
282,3,28.0,0,0,7.8542,0,True,False,True
283,3,16.0,0,0,9.5,0,True,False,True
284,3,19.0,0,0,8.05,0,True,False,True
285,1,28.0,0,0,26.0,0,True,False,True
286,3,33.0,0,0,8.6625,0,True,False,False
287,3,30.0,0,0,9.5,0,True,False,True
288,3,22.0,0,0,7.8958,0,True,False,True
289,2,42.0,0,0,13.0,0,True,False,True
290,3,22.0,0,0,7.75,0,False,True,False
291,1,26.0,0,0,78.85,0,False,False,True
292,1,19.0,1,0,91.0792,1,False,False,False
293,2,36.0,0,0,12.875,0,True,False,False
294,3,24.0,0,0,8.85,0,False,False,True
295,3,24.0,0,0,7.8958,0,True,False,True
296,1,28.0,0,0,27.7208,0,True,False,False
297,3,23.5,0,0,7.2292,0,True,False,False
298,1,2.0,1,2,151.55,3,False,False,True
299,1,28.0,0,0,30.5,0,True,False,True
300,1,50.0,0,1,247.5208,1,False,False,False
301,3,28.0,0,0,7.75,0,False,True,False
302,3,28.0,2,0,23.25,2,True,True,False
303,3,19.0,0,0,0.0,0,True,False,True
304,2,28.0,0,0,12.35,0,False,True,False
305,3,28.0,0,0,8.05,0,True,False,True
306,1,0.92,1,2,151.55,3,True,False,True
307,1,28.0,0,0,110.8833,0,False,False,False
308,1,17.0,1,0,108.9,1,False,False,False
309,2,30.0,1,0,24.0,1,True,False,False
310,1,30.0,0,0,56.9292,0,False,False,False
311,1,24.0,0,0,83.1583,0,False,False,False
312,1,18.0,2,2,262.375,4,False,False,False
313,2,26.0,1,1,26.0,2,False,False,True
314,3,28.0,0,0,7.8958,0,True,False,True
315,2,43.0,1,1,26.25,2,True,False,True
316,3,26.0,0,0,7.8542,0,False,False,True
317,2,24.0,1,0,26.0,1,False,False,True
318,2,54.0,0,0,14.0,0,True,False,True
319,1,31.0,0,2,164.8667,2,False,False,True
320,1,40.0,1,1,134.5,2,False,False,False
321,3,22.0,0,0,7.25,0,True,False,True
322,3,27.0,0,0,7.8958,0,True,False,True
323,2,30.0,0,0,12.35,0,False,True,False
324,2,22.0,1,1,29.0,2,False,False,True
325,3,28.0,8,2,69.55,10,True,False,True
326,1,36.0,0,0,135.6333,0,False,False,False
327,3,61.0,0,0,6.2375,0,True,False,True
328,2,36.0,0,0,13.0,0,False,False,True
329,3,31.0,1,1,20.525,2,False,False,True
330,1,16.0,0,1,57.9792,1,False,False,False
331,3,28.0,2,0,23.25,2,False,True,False
332,1,45.5,0,0,28.5,0,True,False,True
333,1,38.0,0,1,153.4625,1,True,False,True
334,3,16.0,2,0,18.0,2,True,False,True
335,1,28.0,1,0,133.65,1,False,False,True
336,3,28.0,0,0,7.8958,0,True,False,True
337,1,29.0,1,0,66.6,1,True,False,True
338,1,41.0,0,0,134.5,0,False,False,False
339,3,45.0,0,0,8.05,0,True,False,True
340,1,45.0,0,0,35.5,0,True,False,True
341,2,2.0,1,1,26.0,2,True,False,True
342,1,24.0,3,2,263.0,5,False,False,True
343,2,28.0,0,0,13.0,0,True,False,True
344,2,25.0,0,0,13.0,0,True,False,True
345,2,36.0,0,0,13.0,0,True,False,True
346,2,24.0,0,0,13.0,0,False,False,True
347,2,40.0,0,0,13.0,0,False,False,True
348,3,28.0,1,0,16.1,1,False,False,True
349,3,3.0,1,1,15.9,2,True,False,True
350,3,42.0,0,0,8.6625,0,True,False,True
351,3,23.0,0,0,9.225,0,True,False,True
352,1,28.0,0,0,35.0,0,True,False,True
353,3,15.0,1,1,7.2292,2,True,False,False
354,3,25.0,1,0,17.8,1,True,False,True
355,3,28.0,0,0,7.225,0,True,False,False
356,3,28.0,0,0,9.5,0,True,False,True
357,1,22.0,0,1,55.0,1,False,False,True
358,2,38.0,0,0,13.0,0,False,False,True
359,3,28.0,0,0,7.8792,0,False,True,False
360,3,28.0,0,0,7.8792,0,False,True,False
361,3,40.0,1,4,27.9,5,True,False,True
362,2,29.0,1,0,27.7208,1,True,False,False
363,3,45.0,0,1,14.4542,1,False,False,False
364,3,35.0,0,0,7.05,0,True,False,True
365,3,28.0,1,0,15.5,1,True,True,False
366,3,30.0,0,0,7.25,0,True,False,True
367,1,60.0,1,0,75.25,1,False,False,False
368,3,28.0,0,0,7.2292,0,False,False,False
369,3,28.0,0,0,7.75,0,False,True,False
370,1,24.0,0,0,69.3,0,False,False,False
371,1,25.0,1,0,55.4417,1,True,False,False
372,3,18.0,1,0,6.4958,1,True,False,True
373,3,19.0,0,0,8.05,0,True,False,True
374,1,22.0,0,0,135.6333,0,True,False,False
375,3,3.0,3,1,21.075,4,False,False,True
376,1,28.0,1,0,82.1708,1,False,False,False
377,3,22.0,0,0,7.25,0,False,False,True
378,1,27.0,0,2,211.5,2,True,False,False
379,3,20.0,0,0,4.0125,0,True,False,False
380,3,19.0,0,0,7.775,0,True,False,True
381,1,42.0,0,0,227.525,0,False,False,False
382,3,1.0,0,2,15.7417,2,False,False,False
383,3,32.0,0,0,7.925,0,True,False,True
384,1,35.0,1,0,52.0,1,False,False,True
385,3,28.0,0,0,7.8958,0,True,False,True
386,2,18.0,0,0,73.5,0,True,False,True
387,3,1.0,5,2,46.9,7,True,False,True
388,2,36.0,0,0,13.0,0,False,False,True
389,3,28.0,0,0,7.7292,0,True,True,False
390,2,17.0,0,0,12.0,0,False,False,False
391,1,36.0,1,2,120.0,3,True,False,True
392,3,21.0,0,0,7.7958,0,True,False,True
393,3,28.0,2,0,7.925,2,True,False,True
394,1,23.0,1,0,113.275,1,False,False,False
395,3,24.0,0,2,16.7,2,False,False,True
396,3,22.0,0,0,7.7958,0,True,False,True
397,3,31.0,0,0,7.8542,0,False,False,True
398,2,46.0,0,0,26.0,0,True,False,True
399,2,23.0,0,0,10.5,0,True,False,True
400,2,28.0,0,0,12.65,0,False,False,True
401,3,39.0,0,0,7.925,0,True,False,True
402,3,26.0,0,0,8.05,0,True,False,True
403,3,21.0,1,0,9.825,1,False,False,True
404,3,28.0,1,0,15.85,1,True,False,True
405,3,20.0,0,0,8.6625,0,False,False,True
406,2,34.0,1,0,21.0,1,True,False,True
407,3,51.0,0,0,7.75,0,True,False,True
408,2,3.0,1,1,18.75,2,True,False,True
409,3,21.0,0,0,7.775,0,True,False,True
410,3,28.0,3,1,25.4667,4,False,False,True
411,3,28.0,0,0,7.8958,0,True,False,True
412,3,28.0,0,0,6.8583,0,True,True,False
413,1,33.0,1,0,90.0,1,False,True,False
414,2,28.0,0,0,0.0,0,True,False,True
415,3,44.0,0,0,7.925,0,True,False,True
416,3,28.0,0,0,8.05,0,False,False,True
417,2,34.0,1,1,32.5,2,False,False,True
418,2,18.0,0,2,13.0,2,False,False,True
419,2,30.0,0,0,13.0,0,True,False,True
420,3,10.0,0,2,24.15,2,False,False,True
421,3,28.0,0,0,7.8958,0,True,False,False
422,3,21.0,0,0,7.7333,0,True,True,False
423,3,29.0,0,0,7.875,0,True,False,True
424,3,28.0,1,1,14.4,2,False,False,True
425,3,18.0,1,1,20.2125,2,True,False,True
426,3,28.0,0,0,7.25,0,True,False,True
427,2,28.0,1,0,26.0,1,False,False,True
428,2,19.0,0,0,26.0,0,False,False,True
429,3,28.0,0,0,7.75,0,True,True,False
430,3,32.0,0,0,8.05,0,True,False,True
431,1,28.0,0,0,26.55,0,True,False,True
432,3,28.0,1,0,16.1,1,False,False,True
433,2,42.0,1,0,26.0,1,False,False,True
434,3,17.0,0,0,7.125,0,True,False,True
435,1,50.0,1,0,55.9,1,True,False,True
436,1,14.0,1,2,120.0,3,False,False,True
437,3,21.0,2,2,34.375,4,False,False,True
438,2,24.0,2,3,18.75,5,False,False,True
439,1,64.0,1,4,263.0,5,True,False,True
440,2,31.0,0,0,10.5,0,True,False,True
441,2,45.0,1,1,26.25,2,False,False,True
442,3,20.0,0,0,9.5,0,True,False,True
443,3,25.0,1,0,7.775,1,True,False,True
444,2,28.0,0,0,13.0,0,False,False,True
445,3,28.0,0,0,8.1125,0,True,False,True
446,1,4.0,0,2,81.8583,2,True,False,True
447,2,13.0,0,1,19.5,1,False,False,True
448,1,34.0,0,0,26.55,0,True,False,True
449,3,5.0,2,1,19.2583,3,False,False,False
450,1,52.0,0,0,30.5,0,True,False,True
451,2,36.0,1,2,27.75,3,True,False,True
452,3,28.0,1,0,19.9667,1,True,False,True
453,1,30.0,0,0,27.75,0,True,False,False
454,1,49.0,1,0,89.1042,1,True,False,False
455,3,28.0,0,0,8.05,0,True,False,True
456,3,29.0,0,0,7.8958,0,True,False,False
457,1,65.0,0,0,26.55,0,True,False,True
458,1,28.0,1,0,51.8625,1,False,False,True
459,2,50.0,0,0,10.5,0,False,False,True
460,3,28.0,0,0,7.75,0,True,True,False
461,1,48.0,0,0,26.55,0,True,False,True
462,3,34.0,0,0,8.05,0,True,False,True
463,1,47.0,0,0,38.5,0,True,False,True
464,2,48.0,0,0,13.0,0,True,False,True
465,3,28.0,0,0,8.05,0,True,False,True
466,3,38.0,0,0,7.05,0,True,False,True
467,2,28.0,0,0,0.0,0,True,False,True
468,1,56.0,0,0,26.55,0,True,False,True
469,3,28.0,0,0,7.725,0,True,True,False
470,3,0.75,2,1,19.2583,3,False,False,False
471,3,28.0,0,0,7.25,0,True,False,True
472,3,38.0,0,0,8.6625,0,True,False,True
473,2,33.0,1,2,27.75,3,False,False,True
474,2,23.0,0,0,13.7917,0,False,False,False
475,3,22.0,0,0,9.8375,0,False,False,True
476,1,28.0,0,0,52.0,0,True,False,True
477,2,34.0,1,0,21.0,1,True,False,True
478,3,29.0,1,0,7.0458,1,True,False,True
479,3,22.0,0,0,7.5208,0,True,False,True
480,3,2.0,0,1,12.2875,1,False,False,True
481,3,9.0,5,2,46.9,7,True,False,True
482,2,28.0,0,0,0.0,0,True,False,True
483,3,50.0,0,0,8.05,0,True,False,True
484,3,63.0,0,0,9.5875,0,False,False,True
485,1,25.0,1,0,91.0792,1,True,False,False
486,3,28.0,3,1,25.4667,4,False,False,True
487,1,35.0,1,0,90.0,1,False,False,True
488,1,58.0,0,0,29.7,0,True,False,False
489,3,30.0,0,0,8.05,0,True,False,True
490,3,9.0,1,1,15.9,2,True,False,True
491,3,28.0,1,0,19.9667,1,True,False,True
492,3,21.0,0,0,7.25,0,True,False,True
493,1,55.0,0,0,30.5,0,True,False,True
494,1,71.0,0,0,49.5042,0,True,False,False
495,3,21.0,0,0,8.05,0,True,False,True
496,3,28.0,0,0,14.4583,0,True,False,False
497,1,54.0,1,0,78.2667,1,False,False,False
498,3,28.0,0,0,15.1,0,True,False,True
499,1,25.0,1,2,151.55,3,False,False,True
500,3,24.0,0,0,7.7958,0,True,False,True
501,3,17.0,0,0,8.6625,0,True,False,True
502,3,21.0,0,0,7.75,0,False,True,False
503,3,28.0,0,0,7.6292,0,False,True,False
504,3,37.0,0,0,9.5875,0,False,False,True
505,1,16.0,0,0,86.5,0,False,False,True
506,1,18.0,1,0,108.9,1,True,False,False
507,2,33.0,0,2,26.0,2,False,False,True
508,1,28.0,0,0,26.55,0,True,False,True
509,3,28.0,0,0,22.525,0,True,False,True
510,3,26.0,0,0,56.4958,0,True,False,True
511,3,29.0,0,0,7.75,0,True,True,False
512,3,28.0,0,0,8.05,0,True,False,True
513,1,36.0,0,0,26.2875,0,True,False,True
514,1,54.0,1,0,59.4,1,False,False,False
515,3,24.0,0,0,7.4958,0,True,False,True
516,1,47.0,0,0,34.0208,0,True,False,True
517,2,34.0,0,0,10.5,0,False,False,True
518,3,28.0,0,0,24.15,0,True,True,False
519,2,36.0,1,0,26.0,1,False,False,True
520,3,32.0,0,0,7.8958,0,True,False,True
521,1,30.0,0,0,93.5,0,False,False,True
522,3,22.0,0,0,7.8958,0,True,False,True
523,3,28.0,0,0,7.225,0,True,False,False
524,1,44.0,0,1,57.9792,1,False,False,False
525,3,28.0,0,0,7.2292,0,True,False,False
526,3,40.5,0,0,7.75,0,True,True,False
527,2,50.0,0,0,10.5,0,False,False,True
528,1,28.0,0,0,221.7792,0,True,False,True
529,3,39.0,0,0,7.925,0,True,False,True
530,2,23.0,2,1,11.5,3,True,False,True
531,2,2.0,1,1,26.0,2,False,False,True
532,3,28.0,0,0,7.2292,0,True,False,False
533,3,17.0,1,1,7.2292,2,True,False,False
534,3,28.0,0,2,22.3583,2,False,False,False
535,3,30.0,0,0,8.6625,0,False,False,True
536,2,7.0,0,2,26.25,2,False,False,True
537,1,45.0,0,0,26.55,0,True,False,True
538,1,30.0,0,0,106.425,0,False,False,False
539,3,28.0,0,0,14.5,0,True,False,True
540,1,22.0,0,2,49.5,2,False,False,False
541,1,36.0,0,2,71.0,2,False,False,True
542,3,9.0,4,2,31.275,6,False,False,True
543,3,11.0,4,2,31.275,6,False,False,True
544,2,32.0,1,0,26.0,1,True,False,True
545,1,50.0,1,0,106.425,1,True,False,False
546,1,64.0,0,0,26.0,0,True,False,True
547,2,19.0,1,0,26.0,1,False,False,True
548,2,28.0,0,0,13.8625,0,True,False,False
549,3,33.0,1,1,20.525,2,True,False,True
550,2,8.0,1,1,36.75,2,True,False,True
551,1,17.0,0,2,110.8833,2,True,False,False
552,2,27.0,0,0,26.0,0,True,False,True
553,3,28.0,0,0,7.8292,0,True,True,False
554,3,22.0,0,0,7.225,0,True,False,False
555,3,22.0,0,0,7.775,0,False,False,True
556,1,62.0,0,0,26.55,0,True,False,True
557,1,48.0,1,0,39.6,1,False,False,False
558,1,28.0,0,0,227.525,0,True,False,False
559,1,39.0,1,1,79.65,2,False,False,True
560,3,36.0,1,0,17.4,1,False,False,True
561,3,28.0,0,0,7.75,0,True,True,False
562,3,40.0,0,0,7.8958,0,True,False,True
563,2,28.0,0,0,13.5,0,True,False,True
564,3,28.0,0,0,8.05,0,True,False,True
565,3,28.0,0,0,8.05,0,False,False,True
566,3,24.0,2,0,24.15,2,True,False,True
567,3,19.0,0,0,7.8958,0,True,False,True
568,3,29.0,0,4,21.075,4,False,False,True
569,3,28.0,0,0,7.2292,0,True,False,False
570,3,32.0,0,0,7.8542,0,True,False,True
571,2,62.0,0,0,10.5,0,True,False,True
572,1,53.0,2,0,51.4792,2,False,False,True
573,1,36.0,0,0,26.3875,0,True,False,True
574,3,28.0,0,0,7.75,0,False,True,False
575,3,16.0,0,0,8.05,0,True,False,True
576,3,19.0,0,0,14.5,0,True,False,True
577,2,34.0,0,0,13.0,0,False,False,True
578,1,39.0,1,0,55.9,1,False,False,True
579,3,28.0,1,0,14.4583,1,False,False,False
580,3,32.0,0,0,7.925,0,True,False,True
581,2,25.0,1,1,30.0,2,False,False,True
582,1,39.0,1,1,110.8833,2,False,False,False
583,2,54.0,0,0,26.0,0,True,False,True
584,1,36.0,0,0,40.125,0,True,False,False
585,3,28.0,0,0,8.7125,0,True,False,False
586,1,18.0,0,2,79.65,2,False,False,True
587,2,47.0,0,0,15.0,0,True,False,True
588,1,60.0,1,1,79.2,2,True,False,False
589,3,22.0,0,0,8.05,0,True,False,True
590,3,28.0,0,0,8.05,0,True,False,True
591,3,35.0,0,0,7.125,0,True,False,True
592,1,52.0,1,0,78.2667,1,False,False,False
593,3,47.0,0,0,7.25,0,True,False,True
594,3,28.0,0,2,7.75,2,False,True,False
595,2,37.0,1,0,26.0,1,True,False,True
596,3,36.0,1,1,24.15,2,True,False,True
597,2,28.0,0,0,33.0,0,False,False,True
598,3,49.0,0,0,0.0,0,True,False,True
599,3,28.0,0,0,7.225,0,True,False,False
600,1,49.0,1,0,56.9292,1,True,False,False
601,2,24.0,2,1,27.0,3,False,False,True
602,3,28.0,0,0,7.8958,0,True,False,True
603,1,28.0,0,0,42.4,0,True,False,True
604,3,44.0,0,0,8.05,0,True,False,True
605,1,35.0,0,0,26.55,0,True,False,False
606,3,36.0,1,0,15.55,1,True,False,True
607,3,30.0,0,0,7.8958,0,True,False,True
608,1,27.0,0,0,30.5,0,True,False,True
609,2,22.0,1,2,41.5792,3,False,False,False
610,1,40.0,0,0,153.4625,0,False,False,True
611,3,39.0,1,5,31.275,6,False,False,True
612,3,28.0,0,0,7.05,0,True,False,True
613,3,28.0,1,0,15.5,1,False,True,False
614,3,28.0,0,0,7.75,0,True,True,False
615,3,35.0,0,0,8.05,0,True,False,True
616,2,24.0,1,2,65.0,3,False,False,True
617,3,34.0,1,1,14.4,2,True,False,True
618,3,26.0,1,0,16.1,1,False,False,True
619,2,4.0,2,1,39.0,3,False,False,True
620,2,26.0,0,0,10.5,0,True,False,True
621,3,27.0,1,0,14.4542,1,True,False,False
622,1,42.0,1,0,52.5542,1,True,False,True
623,3,20.0,1,1,15.7417,2,True,False,False
624,3,21.0,0,0,7.8542,0,True,False,True
625,3,21.0,0,0,16.1,0,True,False,True
626,1,61.0,0,0,32.3208,0,True,False,True
627,2,57.0,0,0,12.35,0,True,True,False
628,1,21.0,0,0,77.9583,0,False,False,True
629,3,26.0,0,0,7.8958,0,True,False,True
630,3,28.0,0,0,7.7333,0,True,True,False
631,1,80.0,0,0,30.0,0,True,False,True
632,3,51.0,0,0,7.0542,0,True,False,True
633,1,32.0,0,0,30.5,0,True,False,False
634,1,28.0,0,0,0.0,0,True,False,True
635,3,9.0,3,2,27.9,5,False,False,True
636,2,28.0,0,0,13.0,0,False,False,True
637,3,32.0,0,0,7.925,0,True,False,True
638,2,31.0,1,1,26.25,2,True,False,True
639,3,41.0,0,5,39.6875,5,False,False,True
640,3,28.0,1,0,16.1,1,True,False,True
641,3,20.0,0,0,7.8542,0,True,False,True
642,1,24.0,0,0,69.3,0,False,False,False
643,3,2.0,3,2,27.9,5,False,False,True
644,3,28.0,0,0,56.4958,0,True,False,True
645,3,0.75,2,1,19.2583,3,False,False,False
646,1,48.0,1,0,76.7292,1,True,False,False
647,3,19.0,0,0,7.8958,0,True,False,True
648,1,56.0,0,0,35.5,0,True,False,False
649,3,28.0,0,0,7.55,0,True,False,True
650,3,23.0,0,0,7.55,0,False,False,True
651,3,28.0,0,0,7.8958,0,True,False,True
652,2,18.0,0,1,23.0,1,False,False,True
653,3,21.0,0,0,8.4333,0,True,False,True
654,3,28.0,0,0,7.8292,0,False,True,False
655,3,18.0,0,0,6.75,0,False,True,False
656,2,24.0,2,0,73.5,2,True,False,True
657,3,28.0,0,0,7.8958,0,True,False,True
658,3,32.0,1,1,15.5,2,False,True,False
659,2,23.0,0,0,13.0,0,True,False,True
660,1,58.0,0,2,113.275,2,True,False,False
661,1,50.0,2,0,133.65,2,True,False,True
662,3,40.0,0,0,7.225,0,True,False,False
663,1,47.0,0,0,25.5875,0,True,False,True
664,3,36.0,0,0,7.4958,0,True,False,True
665,3,20.0,1,0,7.925,1,True,False,True
666,2,32.0,2,0,73.5,2,True,False,True
667,2,25.0,0,0,13.0,0,True,False,True
668,3,28.0,0,0,7.775,0,True,False,True
669,3,43.0,0,0,8.05,0,True,False,True
670,1,28.0,1,0,52.0,1,False,False,True
671,2,40.0,1,1,39.0,2,False,False,True
672,1,31.0,1,0,52.0,1,True,False,True
673,2,70.0,0,0,10.5,0,True,False,True
674,2,31.0,0,0,13.0,0,True,False,True
675,2,28.0,0,0,0.0,0,True,False,True
676,3,18.0,0,0,7.775,0,True,False,True
677,3,24.5,0,0,8.05,0,True,False,True
678,3,18.0,0,0,9.8417,0,False,False,True
679,3,43.0,1,6,46.9,7,False,False,True
680,1,36.0,0,1,512.3292,1,True,False,False
681,3,28.0,0,0,8.1375,0,False,True,False
682,1,27.0,0,0,76.7292,0,True,False,False
683,3,20.0,0,0,9.225,0,True,False,True
684,3,14.0,5,2,46.9,7,True,False,True
685,2,60.0,1,1,39.0,2,True,False,True
686,2,25.0,1,2,41.5792,3,True,False,False
687,3,14.0,4,1,39.6875,5,True,False,True
688,3,19.0,0,0,10.1708,0,True,False,True
689,3,18.0,0,0,7.7958,0,True,False,True
690,1,15.0,0,1,211.3375,1,False,False,True
691,1,31.0,1,0,57.0,1,True,False,True
692,3,4.0,0,1,13.4167,1,False,False,False
693,3,28.0,0,0,56.4958,0,True,False,True
694,3,25.0,0,0,7.225,0,True,False,False
695,1,60.0,0,0,26.55,0,True,False,True
696,2,52.0,0,0,13.5,0,True,False,True
697,3,44.0,0,0,8.05,0,True,False,True
698,3,28.0,0,0,7.7333,0,False,True,False
699,1,49.0,1,1,110.8833,2,True,False,False
700,3,42.0,0,0,7.65,0,True,False,True
701,1,18.0,1,0,227.525,1,False,False,False
702,1,35.0,0,0,26.2875,0,True,False,True
703,3,18.0,0,1,14.4542,1,False,False,False
704,3,25.0,0,0,7.7417,0,True,True,False
705,3,26.0,1,0,7.8542,1,True,False,True
706,2,39.0,0,0,26.0,0,True,False,True
707,2,45.0,0,0,13.5,0,False,False,True
708,1,42.0,0,0,26.2875,0,True,False,True
709,1,22.0,0,0,151.55,0,False,False,True
710,3,28.0,1,1,15.2458,2,True,False,False
711,1,24.0,0,0,49.5042,0,False,False,False
712,1,28.0,0,0,26.55,0,True,False,True
713,1,48.0,1,0,52.0,1,True,False,True
714,3,29.0,0,0,9.4833,0,True,False,True
715,2,52.0,0,0,13.0,0,True,False,True
716,3,19.0,0,0,7.65,0,True,False,True
717,1,38.0,0,0,227.525,0,False,False,False
718,2,27.0,0,0,10.5,0,False,False,True
719,3,28.0,0,0,15.5,0,True,True,False
720,3,33.0,0,0,7.775,0,True,False,True
721,2,6.0,0,1,33.0,1,False,False,True
722,3,17.0,1,0,7.0542,1,True,False,True
723,2,34.0,0,0,13.0,0,True,False,True
724,2,50.0,0,0,13.0,0,True,False,True
725,1,27.0,1,0,53.1,1,True,False,True
726,3,20.0,0,0,8.6625,0,True,False,True
727,2,30.0,3,0,21.0,3,False,False,True
728,3,28.0,0,0,7.7375,0,False,True,False
729,2,25.0,1,0,26.0,1,True,False,True
730,3,25.0,1,0,7.925,1,False,False,True
731,1,29.0,0,0,211.3375,0,False,False,True
732,3,11.0,0,0,18.7875,0,True,False,False
733,2,28.0,0,0,0.0,0,True,False,True
734,2,23.0,0,0,13.0,0,True,False,True
735,2,23.0,0,0,13.0,0,True,False,True
736,3,28.5,0,0,16.1,0,True,False,True
737,3,48.0,1,3,34.375,4,False,False,True
738,1,35.0,0,0,512.3292,0,True,False,False
739,3,28.0,0,0,7.8958,0,True,False,True
740,3,28.0,0,0,7.8958,0,True,False,True
741,1,28.0,0,0,30.0,0,True,False,True
742,1,36.0,1,0,78.85,1,True,False,True
743,1,21.0,2,2,262.375,4,False,False,False
744,3,24.0,1,0,16.1,1,True,False,True
745,3,31.0,0,0,7.925,0,True,False,True
746,1,70.0,1,1,71.0,2,True,False,True
747,3,16.0,1,1,20.25,2,True,False,True
748,2,30.0,0,0,13.0,0,False,False,True
749,1,19.0,1,0,53.1,1,True,False,True
750,3,31.0,0,0,7.75,0,True,True,False
751,2,4.0,1,1,23.0,2,False,False,True
752,3,6.0,0,1,12.475,1,True,False,True
753,3,33.0,0,0,9.5,0,True,False,True
754,3,23.0,0,0,7.8958,0,True,False,True
755,2,48.0,1,2,65.0,3,False,False,True
756,2,0.67,1,1,14.5,2,True,False,True
757,3,28.0,0,0,7.7958,0,True,False,True
758,2,18.0,0,0,11.5,0,True,False,True
759,3,34.0,0,0,8.05,0,True,False,True
760,1,33.0,0,0,86.5,0,False,False,True
761,3,28.0,0,0,14.5,0,True,False,True
762,3,41.0,0,0,7.125,0,True,False,True
763,3,20.0,0,0,7.2292,0,True,False,False
764,1,36.0,1,2,120.0,3,False,False,True
765,3,16.0,0,0,7.775,0,True,False,True
766,1,51.0,1,0,77.9583,1,False,False,True
767,1,28.0,0,0,39.6,0,True,False,False
768,3,30.5,0,0,7.75,0,False,True,False
769,3,28.0,1,0,24.15,1,True,True,False
770,3,32.0,0,0,8.3625,0,True,False,True
771,3,24.0,0,0,9.5,0,True,False,True
772,3,48.0,0,0,7.8542,0,True,False,True
773,2,57.0,0,0,10.5,0,False,False,True
774,3,28.0,0,0,7.225,0,True,False,False
775,2,54.0,1,3,23.0,4,False,False,True
776,3,18.0,0,0,7.75,0,True,False,True
777,3,28.0,0,0,7.75,0,True,True,False
778,3,5.0,0,0,12.475,0,False,False,True
779,3,28.0,0,0,7.7375,0,True,True,False
780,1,43.0,0,1,211.3375,1,False,False,True
781,3,13.0,0,0,7.2292,0,False,False,False
782,1,17.0,1,0,57.0,1,False,False,True
783,1,29.0,0,0,30.0,0,True,False,True
784,3,28.0,1,2,23.45,3,True,False,True
785,3,25.0,0,0,7.05,0,True,False,True
786,3,25.0,0,0,7.25,0,True,False,True
787,3,18.0,0,0,7.4958,0,False,False,True
788,3,8.0,4,1,29.125,5,True,True,False
789,3,1.0,1,2,20.575,3,True,False,True
790,1,46.0,0,0,79.2,0,True,False,False
791,3,28.0,0,0,7.75,0,True,True,False
792,2,16.0,0,0,26.0,0,True,False,True
793,3,28.0,8,2,69.55,10,False,False,True
794,1,28.0,0,0,30.6958,0,True,False,False
795,3,25.0,0,0,7.8958,0,True,False,True
796,2,39.0,0,0,13.0,0,True,False,True
797,1,49.0,0,0,25.9292,0,False,False,True
798,3,31.0,0,0,8.6833,0,False,False,True
799,3,30.0,0,0,7.2292,0,True,False,False
800,3,30.0,1,1,24.15,2,False,False,True
801,2,34.0,0,0,13.0,0,True,False,True
802,2,31.0,1,1,26.25,2,False,False,True
803,1,11.0,1,2,120.0,3,True,False,True
804,3,0.42,0,1,8.5167,1,True,False,False
805,3,27.0,0,0,6.975,0,True,False,True
806,3,31.0,0,0,7.775,0,True,False,True
807,1,39.0,0,0,0.0,0,True,False,True
808,3,18.0,0,0,7.775,0,False,False,True
809,2,39.0,0,0,13.0,0,True,False,True
810,1,33.0,1,0,53.1,1,False,False,True
811,3,26.0,0,0,7.8875,0,True,False,True
812,3,39.0,0,0,24.15,0,True,False,True
813,2,35.0,0,0,10.5,0,True,False,True
814,3,6.0,4,2,31.275,6,False,False,True
815,3,30.5,0,0,8.05,0,True,False,True
816,1,28.0,0,0,0.0,0,True,False,True
817,3,23.0,0,0,7.925,0,False,False,True
818,2,31.0,1,1,37.0042,2,True,False,False
819,3,43.0,0,0,6.45,0,True,False,True
820,3,10.0,3,2,27.9,5,True,False,True
821,1,52.0,1,1,93.5,2,False,False,True
822,3,27.0,0,0,8.6625,0,True,False,True
823,1,38.0,0,0,0.0,0,True,False,True
824,3,27.0,0,1,12.475,1,False,False,True
825,3,2.0,4,1,39.6875,5,True,False,True
826,3,28.0,0,0,6.95,0,True,True,False
827,3,28.0,0,0,56.4958,0,True,False,True
828,2,1.0,0,2,37.0042,2,True,False,False
829,3,28.0,0,0,7.75,0,True,True,False
830,1,62.0,0,0,80.0,0,False,False,True
831,3,15.0,1,0,14.4542,1,False,False,False
832,2,0.83,1,1,18.75,2,True,False,True
833,3,28.0,0,0,7.2292,0,True,False,False
834,3,23.0,0,0,7.8542,0,True,False,True
835,3,18.0,0,0,8.3,0,True,False,True
836,1,39.0,1,1,83.1583,2,False,False,False
837,3,21.0,0,0,8.6625,0,True,False,True
838,3,28.0,0,0,8.05,0,True,False,True
839,3,32.0,0,0,56.4958,0,True,False,True
840,1,28.0,0,0,29.7,0,True,False,False
841,3,20.0,0,0,7.925,0,True,False,True
842,2,16.0,0,0,10.5,0,True,False,True
843,1,30.0,0,0,31.0,0,False,False,False
844,3,34.5,0,0,6.4375,0,True,False,False
845,3,17.0,0,0,8.6625,0,True,False,True
846,3,42.0,0,0,7.55,0,True,False,True
847,3,28.0,8,2,69.55,10,True,False,True
848,3,35.0,0,0,7.8958,0,True,False,False
849,2,28.0,0,1,33.0,1,True,False,True
850,1,28.0,1,0,89.1042,1,False,False,False
851,3,4.0,4,2,31.275,6,True,False,True
852,3,74.0,0,0,7.775,0,True,False,True
853,3,9.0,1,1,15.2458,2,False,False,False
854,1,16.0,0,1,39.4,1,False,False,True
855,2,44.0,1,0,26.0,1,False,False,True
856,3,18.0,0,1,9.35,1,False,False,True
857,1,45.0,1,1,164.8667,2,False,False,True
858,1,51.0,0,0,26.55,0,True,False,True
859,3,24.0,0,3,19.2583,3,False,False,False
860,3,28.0,0,0,7.2292,0,True,False,False
861,3,41.0,2,0,14.1083,2,True,False,True
862,2,21.0,1,0,11.5,1,True,False,True
863,1,48.0,0,0,25.9292,0,False,False,True
864,3,28.0,8,2,69.55,10,False,False,True
865,2,24.0,0,0,13.0,0,True,False,True
866,2,42.0,0,0,13.0,0,False,False,True
867,2,27.0,1,0,13.8583,1,False,False,False
868,1,31.0,0,0,50.4958,0,True,False,True
869,3,28.0,0,0,9.5,0,True,False,True
870,3,4.0,1,1,11.1333,2,True,False,True
871,3,26.0,0,0,7.8958,0,True,False,True
872,1,47.0,1,1,52.5542,2,False,False,True
873,1,33.0,0,0,5.0,0,True,False,True
874,3,47.0,0,0,9.0,0,True,False,True
875,2,28.0,1,0,24.0,1,False,False,False
876,3,15.0,0,0,7.225,0,False,False,False
877,3,20.0,0,0,9.8458,0,True,False,True
878,3,19.0,0,0,7.8958,0,True,False,True
879,3,28.0,0,0,7.8958,0,True,False,True
880,1,56.0,0,1,83.1583,1,False,False,False
881,2,25.0,0,1,26.0,1,False,False,True
882,3,33.0,0,0,7.8958,0,True,False,True
883,3,22.0,0,0,10.5167,0,False,False,True
884,2,28.0,0,0,10.5,0,True,False,True
885,3,25.0,0,0,7.05,0,True,False,True
886,3,39.0,0,5,29.125,5,False,True,False
887,2,27.0,0,0,13.0,0,True,False,True
888,1,19.0,0,0,30.0,0,False,False,True
889,3,28.0,1,2,23.45,3,False,False,True
890,1,26.0,0,0,30.0,0,True,False,False
891,3,32.0,0,0,7.75,0,True,True,False
